Catalog#,Artist,Title,Label,Format,Rating,Released,release_id,CollectionFolder,Date Added,Collection Media Condition,Collection Sleeve Condition,Collection Notes
ES-12-0005,The Mighty Zaf And Linkwood,Yokai,'80s,"12""",,2025,33318912,Uncategorized,2025-10-17 08:52:00,,,
22a 026,Ruby Rushton,Eleven Grapes,22a,"7"", Single",,2019,13288424,Uncategorized,2019-12-04 19:43:23,,,
FTTFCS006,Various,Classic Tracks,4 To The Floor (2),"12""",,2019,13927173,Uncategorized,2026-07-08 11:03:28,,,
AMLK 63721,Quincy Jones,The Dude,A&M Records,"LP, Album",,1981,806667,Uncategorized,2019-03-10 16:33:17,,,
ABCL 5094,Steely Dan,Katy Lied,ABC Records,"LP, Album, Bla",,1975,380041,Uncategorized,2019-03-10 16:32:09,,,
AJX2LP419,Leroy Hutson,Anthology 1972-84,"Acid Jazz, [PIAS], Triumph Records (17)","2xLP, Comp",,2017,11026340,Uncategorized,2019-02-23 12:28:38,,,
BK086,Various,Soul Of Haringey,Advance Level Enterprise,"12"", EP, RE",,2024,31569346,Uncategorized,2025-01-02 13:52:50,,,
AKR 015,Lynda Dawn,At First Light,Akashik Records (4),"LP, EP",,2019,14160652,Uncategorized,2020-01-07 20:59:38,,,
ALIM009,Roy Ayers Feat. Sylvia Cox / Roy Ayers Feat. Merry Clayton,Liquid Love,Alim Music,"7""",,2023,28432573,Uncategorized,2024-02-10 06:46:25,,,
SDE-60,The L.A. Propinquity,That Someone's U,"Aljonimusico, Super Disco Edits","7"", Single",,2022,22091590,Uncategorized,2022-05-09 11:50:31,,,
AIS 002,Seu Jorge,The Other Side ,"Amor In Sound, Black Service, Phonomotor Records","LP, Album",,2026,37863984,Uncategorized,2026-07-13 05:18:17,,,
AOE005,Jeanie Tracy,Making New Friends,AOE,"7"", Single, RE",,2015,7064586,Uncategorized,2024-02-10 10:07:59,,,
207 830,Phyllis Hyman,The Best Of Phyllis Hyman,Arista,"LP, Comp",,1986,905227,Uncategorized,2019-02-23 12:28:19,,,
PR65025P,Alison Limerick,Where Love Lives,Arista,"12"", RSD, RE",,2020,15842399,Uncategorized,2020-09-16 15:57:01,,,
AKR 014,Sufjan Stevens,Illinois,Asthmatic Kitty Records,"2xLP, Album, Ltd, RE, Yel",,2023,29031520,Uncategorized,2024-05-11 04:21:47,,,
ATA036,Work Money Death,People Of The Fast Flowing River,ATA Records (3),"LP, Album",,2024,32332977,Uncategorized,2024-11-30 06:50:05,,,
AOTN12005,Dirty Channels vs Danny Russell (6) / Frazelle,Watchin Out / Today Is the Day (Linkwood Chop),Athens Of The North,"12""",,2018,12299105,Uncategorized,2019-02-23 12:14:47,,,
AOTN12017,East Coast Love Affair (2) With Peter Hunnigale,Date With The Rain,Athens Of The North,"12""",,2021,18498973,Uncategorized,2021-05-15 03:29:11,,,
AOTN12018,East Coast Love Affair (2),Chicago,Athens Of The North,"12"", Single",,2022,23003858,Uncategorized,2022-05-09 11:51:37,,,
AOTN12021,East Coast Love Affair (2),I'm So Glad,Athens Of The North,"12""",,2023,28631209,Uncategorized,2023-10-20 13:46:56,,,
AOTN12028,Roland Haynes Jr. And Phenix (4),Mind Games,Athens Of The North,"12"", EP",,2026,36310123,Uncategorized,2026-02-25 04:58:39,,,
AOTNLP 020,Grupo Magnético,Positivo,Athens Of The North,"LP, Album",,2018,12577820,Uncategorized,2019-02-19 12:18:50,,,
AOTNLP 031,Various,For The Love Of You ,Athens Of The North,"2xLP, Comp",,2020,15029555,Uncategorized,2020-11-24 09:24:13,,,
AOTNLP 044,Brief Encounter,Brief Encounter Singles,Athens Of The North,"LP, Comp",,2022,22001455,Uncategorized,2022-02-22 10:43:46,,,
AOTNLP 047,Various,For The Love Of You (Volume 2),Athens Of The North,"2xLP, Comp",,2021,20609731,Uncategorized,2021-11-03 13:48:23,,,
AOTNLP 063,Sam Don,Just A Touch,Athens Of The North,"2xLP, Comp",,2023,28578196,Uncategorized,2023-10-20 13:47:46,,,
AOTNLP021,David Haffner,Disco With A Feeling,Athens Of The North,"2xLP, Comp",,2019,14296311,Uncategorized,2019-10-25 21:35:15,,,
AOTNLP033,Greg Foat,The Dreaming Jewels,Athens Of The North,"LP, Album",,2019,14393897,Uncategorized,2020-01-07 20:59:18,,,
ATH006,Bileo,You Can Win,Athens Of The North,"7"", RE",,2014,6008095,Uncategorized,2019-12-06 22:54:43,,,
Ath007,Nohelani Cypriano,Lihue / Playing With Fire,Athens Of The North,"7"", RM",,2014,6379466,Uncategorized,2020-06-10 12:14:19,,,
ATH013,Painel De Controle,Relax,Athens Of The North,"7""",,2015,6956904,Uncategorized,2020-06-10 12:14:58,,,
ATH016,Milton Wright,The Silence That You Keep,Athens Of The North,"7""",,2015,7166784,Uncategorized,2019-02-23 12:02:30,,,
ATH019,Homegrown Syndrome,Confrontation,Athens Of The North,"7"", Single, RE",,2015,7625302,Uncategorized,2020-03-26 11:04:27,,,
ATH026,Tarika Blue,Truth Is The Key,Athens Of The North,"7"", Single",,2015,7833658,Uncategorized,2020-03-28 10:49:45,,,
ATH029,Brief Encounter,We Want To Play For You / Sweet Tender Loving,Athens Of The North,"7""",,2015,7833612,Uncategorized,2019-12-06 22:57:12,,,
ATH043,"Earth, Wind & Fire",Brazilian Rhyme (Extended Mix),Athens Of The North,"7"", Single",,2017,10011433,Uncategorized,2019-02-23 12:01:42,,,
ATH077,Papa Bear And The Cubs,You're So Fine,Athens Of The North,"7"", Single, RE",,2019,13814910,Uncategorized,2019-07-01 11:45:00,,,
ATH083,The Premonitions (2),Don't Act Like A Fool / In Love ,Athens Of The North,"7""",,2020,15217888,Uncategorized,2020-05-06 14:03:13,,,
ATH091,Derrick Cross,Never Too Much,Athens Of The North,"7"", Single",,2021,17576737,Uncategorized,2021-03-02 05:38:17,,,
ATICLP015,Aim,Cold Water Music,Atic Records,"2xLP, Album, Ltd, RM, RP, Ice",,2021,17487430,Uncategorized,2021-12-08 05:13:27,,,
"K 50565, MS/MT 5049",Chic,Trés Chic,"Atlantic, Atlantic","LP, Album",,1979,546070,Uncategorized,2019-02-23 12:26:18,,,
"K 50565, MS/MT 5049",Chic,C'est Chic,"Atlantic, Atlantic","LP, Album",,1978,496781,Uncategorized,2019-02-23 12:27:33,,,
"K 50693, K50693",Sister Sledge,Love Somebody Today,"Atlantic, Atlantic","LP, Album",,1980,450297,Uncategorized,2019-02-23 12:25:12,,,
0190296417856,Gabriels (3),Love And Hate In A Different Time (Mixes),"Atlas Artists (2), Parlophone","12""",,2021,20994196,Uncategorized,2022-02-22 10:44:01,,,
BK033AB,Rasa (9),When Will The Day Come / Questions In My Mind,Backatcha Records,"7""",,2024,30745635,Uncategorized,2024-06-08 11:09:41,,,
BK035,Various,Swave Villi Us (Independent Soul 1971-84),Backatcha Records,"2xLP, Comp",,2021,17471746,Uncategorized,2021-12-08 05:31:40,,,
BK040,Gerard Browne,Sexy Lady / Keep Dancing,Backatcha Records,"12"", RE",,2021,21140422,Uncategorized,2021-12-08 05:32:38,,,
BK060,The S.T.U.D. Band,Where's The Floor,Backatcha Records,"7"", RE",,2022,25131955,Uncategorized,2023-01-18 04:26:17,,,
BK107,Jumani,We Can Work It Out / Give Me Your Love,Backatcha Records,"7""",,2026,37904949,Uncategorized,2026-08-05 09:03:08,,,
BOTW008,Matt Wilde (2),Hello World ,Band On The Wall Recordings,"LP, Album",,2023,27713820,Uncategorized,2024-02-10 10:07:19,,,
BBE188ELP,Sandy Barber,I Think I'll Do Some Stepping (On My Own) (Remixes),BBE,"12""",,2022,24515240,Uncategorized,2022-09-17 06:51:19,,,
BBE480CLP,Rainer Trüby,Soulgliding,BBE,"2xLP, Comp",,2020,14660713,Uncategorized,2025-10-17 08:50:08,,,
BBE763ALP,Musclecars,Sugar Honey Iced Tea!,BBE,"2xLP, Album",,2024,30722111,Uncategorized,2024-05-21 01:58:50,,,
BBE805ALP,"Allysha Joy, Hidden Spheres, Finn Rees",Solina,BBE,"LP, Album",,2025,34253512,Uncategorized,2025-07-04 00:57:14,,,
"BBE304SLP, T-1281",Martin Dumas Jr,"Attitude, Belief & Determination","BBE, Taurean Connection","12"", RM",,2015,7012435,Uncategorized,2020-02-13 14:02:58,,,
BEWITH001SEVEN,Aretha Franklin,One Step Ahead,Be With Records,"7"", RE",,2017,11184812,Uncategorized,2020-07-12 20:13:23,,,
BEWITH003LP,Ned Doheny,Hard Candy,Be With Records,"LP, Album, RE, 180",,2014,5902516,Uncategorized,2020-03-25 15:09:16,,,
BEWITH006SEVEN,TLC,Creep,Be With Records,"7"", RE",,2020,15739577,Uncategorized,2021-08-13 01:26:19,,,
BEWITH011TWELVE,Skyy,Here's To You / You Got Me Up,Be With Records,"12"", RE, RM",,2019,13852405,Uncategorized,2021-08-13 01:26:02,,,
BEWITH016TWELVE,The Mighty Soulmates,The Mighty Soulmates,Be With Records,"12"", EP",,2021,20938489,Uncategorized,2021-11-27 08:43:02,,,
BEWITH018TWELVE,Rhye,The Fall (Maurice Fulton Remix),Be With Records,"12"", RE",,2024,30360332,Uncategorized,2024-05-11 05:24:24,,,
BEWITH099LP,Lewis Taylor,Lewis Taylor,Be With Records,"2xLP, Album, RE",,2021,19746805,Uncategorized,2021-08-13 01:25:24,,,
BEWITH174LP,Mark De Clive-Lowe,Six Degrees,Be With Records,"2xLP, Album, Ltd, RE, 25t",,2025,34418314,Uncategorized,2025-07-22 06:53:43,,,
BONN012,Wayward (3),Green Lanes EP,Beats Of No Nation,"12""",,2018,12822814,Uncategorized,2019-06-26 12:56:06,,,
BELLAV225C,Beach House,Teen Dream,Bella Union,"2xLP, Album, RE, Cle",,2020,15506952,Uncategorized,2020-06-24 11:25:00,,,
BEST003,Kuniyuki Takahashi x Soichi Terada x Sauce81,Let's Get Down EP,Beyond Space And Time,"12"", EP",,2022,24892757,Uncategorized,2023-01-18 04:22:57,,,
BD304,Yaya Bey,Remember Your North Star,Big Dada Recordings,"LP, Album, Cry",,2022,23614265,Uncategorized,2022-10-28 06:46:12,,,
BCRLP 07,Greg Foat,The Glass Frog,Blue Crystal Records (2),"LP, Album, Ltd",,2024,31355569,Uncategorized,2024-09-06 15:17:26,,,
"00602508909276, 0890927",Various,Blue Note Re:imagined (2020),"Blue Note, Blue Note","2xLP, Comp",,2020,15969349,Uncategorized,2020-11-26 16:10:32,,,
"602478496738, BN-LA551-G",Bobby Hutcherson,Montara,"Blue Note, Blue Note","LP, Album, RE, 180",,2025,35089718,Uncategorized,2026-02-11 12:37:34,,,
"6581682, BN-LA368-G, 0602465816822",Donald Byrd,Stepping Into Tomorrow,"Blue Note, Blue Note, UMe","LP, Album, RE",,2025,34573072,Uncategorized,2025-07-22 06:52:54,,,
"0744042, 84194, ST-84194, BST 84194",Wayne Shorter,Speak No Evil,"Blue Note, UMe, Blue Note, Blue Note, Blue Note","LP, Album, RE, 180",,2021,16941774,Uncategorized,2023-03-23 05:02:03,,,
"7764740, BST 84127, ST-84127, 84127, 0060257764740",Kenny Dorham,Una Mas (One More Time),"Blue Note, UMe, Blue Note, Blue Note, Blue Note, Blue Note, UMe","LP, Album, RE, 180",,2019,14130525,Uncategorized,2024-12-20 06:31:19,,,
"4859562, ST-84175, 84175, 00602448595621, BST 8417",Herbie Hancock,Empyrean Isles,"Blue Note, UMe, Blue Note, Blue Note, UMe, Blue Note, Blue Note","LP, Album, RE, 180",,2023,26441327,Uncategorized,2023-08-17 01:58:28,,,
"3596800, 00602435968001, BN-LA549-G",Donald Byrd,Places And Spaces,"Blue Note, UMe, Blue Note, UMe, Blue Note","LP, Album, RE, 180",,2021,21035152,Uncategorized,2023-03-03 11:25:08,,,
"5524252, 00602455242525, ST-84149, BST 84149, 8414",Hank Mobley,No Room For Squares,"Blue Note, UMe, Blue Note, UMe, Blue Note, Blue Note, Blue Note","LP, Album, RE, 180",,2023,28647442,Uncategorized,2025-10-18 08:35:12,,,
"5552940, 00602455529404, ST-84173, BST 84173, 8417",Wayne Shorter,Night Dreamer,"Blue Note, UMe, Blue Note, UMe, Blue Note, Blue Note, Blue Note","LP, Album, RE, 180",,2023,28940779,Uncategorized,2023-11-21 09:21:42,,,
"5831994, 00602458319941, 84169, BST-84169, ST-8416",Lee Morgan,Search For The New Land,"Blue Note, UMe, Blue Note, UMe, Blue Note, Blue Note, Blue Note","LP, Album, RE, 180",,2024,29810041,Uncategorized,2024-02-16 10:10:08,,,
"5832003, 00602458320039, 84124, ST-84124, BST 8412",Donald Byrd,A New Perspective,"Blue Note, UMe, Blue Note, UMe, Blue Note, Blue Note, Blue Note","LP, Album, RE, 180",,2024,30095996,Uncategorized,2024-04-10 12:30:56,,,
"5880786, 00602458807868, 84182, ST-84182, BST 8418",Wayne Shorter,Juju,"Blue Note, UMe, Blue Note, UMe, Blue Note, Blue Note, Blue Note","LP, Album, RE, 180",,2024,31488536,Uncategorized,2024-12-03 05:58:14,,,
"3593196, 00602435931968, 84195, ST-84195, BST 8419",Herbie Hancock,Maiden Voyage,"Blue Note, UMe, UMe, Blue Note, Blue Note, Blue Note","LP, Album, RE, 180",,2021,20316430,Uncategorized,2024-12-03 05:58:53,,,
BMGCAT843DLP,Richard Hawley,Now Then: The Very Best Of Richard Hawley,BMG,"LP, Blu + LP, Whi + Comp",,2023,28647640,Uncategorized,2023-10-20 13:48:11,,,
"POSPX 807, 885 106-1",Gwen Guthrie,Ain't Nothin' Goin' On But The Rent,"Boiling Point, Polydor, Polydor","12"", Single",,1986,223279,Uncategorized,2019-02-23 12:18:32,,,
BB45-002,Caserta,Luther,Bridge Boots,"7"", Unofficial",,2019,14214956,Uncategorized,2021-06-09 13:16:14,,,
BWOOD0175LP,Various,We Out Here,Brownswood Recordings,"2xLP, Album, Comp",,2018,11427555,Uncategorized,2019-02-23 12:05:11,,,
BWOOD0199EP,Kokoroko,Kokoroko,Brownswood Recordings,"12"", EP",,2019,13308241,Uncategorized,2019-03-05 23:12:32,,,
BWOOD0205LP,Various,Sunny Side Up,Brownswood Recordings,"2xLP, Album, Comp, Ltd, Mag",,2019,13909511,Uncategorized,2019-09-30 10:32:18,,,
BWOOD0240LP,STR4TA,Aspects,Brownswood Recordings,"LP, Album",,2021,17674654,Uncategorized,2021-03-31 03:41:20,,,
BWOOD0260,Secret Night Gang,The Sun,Brownswood Recordings,"12"", Ltd, 3D ",,2021,20089537,Uncategorized,2021-12-07 13:44:09,,,
BWOOD245,STR4TA,Aspects,Brownswood Recordings,"12"", Ltd, W/Lbl, Han",,2020,15950453,Uncategorized,2020-12-11 14:31:13,,,
DISCO 211,Vaughan Mason & Crew,"Bounce, Rock, Skate, Roll",Brunswick,"12""",,1979,167144,Uncategorized,2019-02-23 12:20:49,,,
DISCO115P,Gladys Knight And The Pips,Love Is Always On Your Mind / Bourgie' Bourgie',Buddah Records,"12"", RE, RM",,2017,10438371,Uncategorized,2019-10-10 22:18:54,,,
"C/C 50006, CC 50006, CC-50006",Rotary Connection,"Hey, Love","Cadet, Cadet Concept, Cadet Concept","LP, Album, RE",,2001,11297919,Uncategorized,2019-04-09 15:24:36,,,
"CBS 83284, FC 35647","Earth, Wind & Fire",The Best Of Earth Wind & Fire Vol. I,"CBS, CBS","LP, Comp, Gat",,1978,3215835,Uncategorized,2019-02-23 12:31:02,,,
BK 034,Toast (13),It's Just An Illusion,Charm City Records (4),"7"", RE",,2021,19006294,Uncategorized,2021-08-14 03:43:44,,,
none,"Everton F.C., Liverpool Express",Spirit Of The Blues,Cherry Red,"7"", Ltd",,2020,16243927,Uncategorized,2021-02-12 08:56:23,,,
CMC30YRSLP2,Various,Classic Classic Chapter 02,Classic,"2x12"", Comp",,2025,35501086,Uncategorized,2026-02-14 08:41:19,,,
EXS039,Charles Earland,Coming To You Live,Columbia,"7"", Single",,2023,26559515,Uncategorized,2026-01-24 04:48:02,,,
00888072186248,Nubya Garcia,Source,Concord Jazz,"2xLP, Album, Ltd, Tur",,2020,15794842,Uncategorized,2020-08-24 18:27:21,,,
BK084,Various,Congress Productions,Congress Productions,"12""",,2023,28984837,Uncategorized,2024-02-16 10:08:39,,,
CORD12003,Family Of Swede,Set You Free,Cordial Recordings,"12"", Single",,2020,16076927,Uncategorized,2020-10-24 22:41:06,,,
CORD7027,Tashan,This Could Be,Cordial Recordings,"7""",,2021,19255024,Uncategorized,2021-07-17 02:57:51,,,
"COT 50 587, SD 5209",Sister Sledge,We Are Family,"Cotillion, Atlantic","LP, Album",,1979,100002,Uncategorized,2019-02-23 12:25:41,,,
"CR00827, 00888072640627",Various,Fania Records: The Latin Sound Of New York (1964-1978),"Craft Recordings, Craft Recordings, Craft Recordings Latino, Craft Recordings Latino, Fania Records, Fania Records","2xLP, Comp",,2025,33024036,Uncategorized,2025-02-08 05:03:20,,,
DLM010,Da Lata,Jungle Kitten ,Da Lata Music,"12"", Ltd, Ora",,2021,20571544,Uncategorized,2022-11-10 02:47:16,,,
DD007,Jimetta Rose & The Voices Of Creation,How Good It Is,"Day Dreamer, Amor In Sound","LP, Album",,2023,26438102,Uncategorized,2023-09-13 04:31:27,,,
DE 002 ,Eddie Chacon,"Pleasure, Joy And Happiness",Day End Records,LP,,2020,16048651,Uncategorized,2021-12-22 04:33:12,,,
SKL 5065,The Rolling Stones,Get Yer Ya-Ya's Out! (The Rolling Stones In Concert),Decca,"LP, Album",,1970,1151061,Uncategorized,2019-02-23 12:47:02,,,
DM007,Myele Manzanza,Crisis & Opportunity (Vol 1) (London),DeepMatter,"LP, Album",,2021,18104200,Uncategorized,2021-05-18 13:51:08,,,
DFTDPACH01LP,Various,Pacha House Classics,Defected,"3x12"", Comp, Ltd",,2025,34175350,Uncategorized,2025-11-23 09:30:53,,,
DEMSING008,Shaun Escoffery,Days Like This,Demon Records,"12"", RM",,2023,26907686,Uncategorized,2023-08-02 02:32:03,,,
DNSCR004,Jimmy James & The Vagabonds / Sonya Spence,This Heart Of Mine / Let Love Flow On,Deptford Northern Soul Club Records,"7"", Single",,2020,15077329,Uncategorized,2020-06-23 12:29:10,,,
DWR-001,Rogê,Curyman,Diamond West,"LP, Album",,2023,26201468,Uncategorized,2023-04-14 09:54:24,,,
DFL002,Sweet Mixture,I Love You,Discs Of Fun And Love,"7"", RE, RM",,2020,14508440,Uncategorized,2020-11-26 16:08:30,,,
DFL003,Mandisa (2),Summer Love / Love's Dream,Discs Of Fun And Love,"7"", RE, RM",,2020,15554784,Uncategorized,2020-08-24 20:56:25,,,
MESS001,Cristina Camargo,Moral Tem Hora,Disques Messagers,"7"", Single",,2023,27089340,Uncategorized,2023-06-09 13:58:56,,,
DYNAM7061,Starcrost,False Paradise,Dynamite Cuts,"7"", Single",,2019,14402381,Uncategorized,2019-12-06 22:54:27,,,
ESOUL12003,Luke Una,É Soul Cultura Edits,"É Soul Cultura, Mr Bongo","12""",,2025,33985278,Uncategorized,2025-05-22 06:22:12,,,
K 52109,Aquarian Dream (2),Fantasy,Elektra,"LP, Album",,1978,2253743,Uncategorized,2023-06-27 08:40:30,,,
"603497843510, RR1 317068",Various,Lost In Translation (Music From The Motion Picture Soundtrack),"Emperor Norton, Emperor Norton","LP, RE, RP",,2022,21706189,Uncategorized,2022-01-20 08:34:43,,,
7PR65006,The Isley Brothers,Footsteps In The Dark (Part 1 & 2) / Between The Sheets,Epic,"7"", RSD",,2019,13483436,Uncategorized,2019-04-16 20:08:43,,,
EPC 26044,Sade,Diamond Life,Epic,"LP, Album, Gat",,1984,3460957,Uncategorized,2019-02-23 12:22:11,,,
PR65012P,George Duke,I Want You For Myself (Tom Moulton Mix),Epic,"12"", Single, RE",,2018,12699472,Uncategorized,2019-02-23 12:17:06,,,
EROS 01,Various,Eros,Eros (2),"12"", Unofficial",,2011,3027858,Uncategorized,2023-05-15 10:41:19,,,
Everland 45-003,Stevens & Foster,What Would I Have (If I Didn't Have You),Everland,"7"", RE",,2018,11855145,Uncategorized,2019-10-10 22:16:53,,,
EXUMG08,Brenda Lee Jones,Super Stroke / Big Mistake,Expansion,"7"", RE",,2020,15504898,Uncategorized,2020-07-12 20:14:03,,,
EXPAND 109,Gwen McCrae,Keep The Fire Burning / Funky Sensation,"Expansion, Atlantic","12"", RE",,2018,11434445,Uncategorized,2019-02-23 12:13:35,,,
EXPAND 116,Sylvia Striplin,Give Me Your Love / You Can't Turn Me Away,"Expansion, Uno Melodic Records","12"", RE, 180",,2018,12915462,Uncategorized,2019-02-23 12:14:21,,,
FAR001,The Illusions (26) & Nathan Haines,Find Your Way,Family Affair Recordings,"LP, M/Print",,2026,37776072,Uncategorized,2026-07-10 11:21:18,,,
FARO 022LPX,Marcos Valle,Nova Bossa Nova,Far Out Recordings,"LP, RE, 180",,2018,12523918,Uncategorized,2024-08-08 10:37:48,,,
FARO170LPX,Azymuth,Light As A Feather,Far Out Recordings,"LP, Album, RSD, Ltd, RE, RM, Blu",,2022,23003426,Uncategorized,2022-04-25 03:17:23,,,
FARO211,Marcos Valle,Sempre,Far Out Recordings,"LP, Album",,2019,13783740,Uncategorized,2019-09-12 16:25:49,,,
FARO228LP,Alex Malheiros,Tempos Futuros,Far Out Recordings,"LP, Album",,2021,21123538,Uncategorized,2021-11-27 07:34:29,,,
FARO255LP,Fabiano Nascimento & Orquestra De Vittor Santos,Vila,Far Out Recordings,"LP, Album",,2026,36638488,Uncategorized,2026-03-22 06:28:50,,,
JD25X,Azymuth,Jazz Carnival,Far Out Recordings,"12"", RSD, Ltd",,2024,30431192,Uncategorized,2024-05-11 05:27:00,,,
JD55,Marcos Valle & Leon Ware,Feels So Good,Far Out Recordings,"7"", Single, Ltd",,2024,31407410,Uncategorized,2024-08-08 10:38:13,,,
JD58,Nicola Conte,Terra Em Trasse / Naquela Base,Far Out Recordings,"7""",,2026,37050663,Uncategorized,2026-04-27 10:19:12,,,
FVR103,Various,"Brazilian Disco Boogie Sounds (Extended 12"" Versions)",Favorite Recordings,"12""",,2015,7137088,Uncategorized,2022-01-20 08:33:28,,,
FAR040,Andromeda Orchestra,Don't Stop,Faze Action,"12""",,2019,14114206,Uncategorized,2019-09-30 10:31:29,,,
3795300,Tame Impala,Lonerism,"Fiction Records, Caroline Records, Universal Music Group","2xLP, Album, RE",,2014,6403221,Uncategorized,2025-04-22 04:40:22,,,
FDR 001,Lynda Dawn,11th Hour,First Dawn Records,LP,,2024,32545953,Uncategorized,2024-12-22 12:50:21,,,
FW175,Yazmin Lacey,When The Sun Dips 90 Degrees,First Word Records,"12"", EP",,2018,12183299,Uncategorized,2019-02-23 12:02:52,,,
FW285,Various,Love & Purpose: A Celebration of British Soul Music,First Word Records,"2xLP, Comp",,2024,31444151,Uncategorized,2024-08-11 09:39:45,,,
FW288,Takuya Kuroda,Rising Son,First Word Records,"2xLP, Album, RE",,2024,29657095,Uncategorized,2024-05-22 04:44:04,,,
XXQLP2 094,Gil Scott-Heron,Pieces Of A Man,"Flying Dutchman, BGP Records","2x12"", Album, RE, RM, 180",,2022,25032481,Uncategorized,2022-11-14 05:41:38,,,
FLO0002,Sault,5,Forever Living Originals,"LP, Album",,2019,14025860,Uncategorized,2019-08-22 12:07:54,,,
FLO0005LP,Sault,Untitled (Black Is),Forever Living Originals,"2xLP, Album",,2020,15912430,Uncategorized,2020-09-25 13:38:04,,,
FLO0006LP,Sault,Untitled (Rise),Forever Living Originals,"2xLP, Album",,2020,16141600,Uncategorized,2020-12-11 14:31:42,,,
FLO0008LP,Sault,Nine,Forever Living Originals,"LP, Album",,2021,20408065,Uncategorized,2021-11-03 13:48:46,,,
"FLO0011LP, FLO00011LP",Sault,11,"Forever Living Originals, Forever Living Originals","LP, Album",,2023,26830313,Uncategorized,2023-05-15 10:40:44,,,
"FLO0015LP, FLO00015LP",Sault,Untitled (God),"Forever Living Originals, Forever Living Originals","2xLP, Album",,2023,26953016,Uncategorized,2023-05-15 10:40:31,,,
FJMEDITS 01,Various,Let's Dance Vol. 1,Funkyjaws,"12""",,2024,28703536,Uncategorized,2024-02-28 13:24:02,,,
GAMM158,Opolopo,Matinee Idol,G.A.M.M.,"12"", Promo",,2021,19646677,Uncategorized,2021-10-05 13:17:33,,,
GAMM171,Koichi Toyama,AB79 Edits,G.A.M.M.,"12"", Ltd, Promo",,2023,26250134,Uncategorized,2023-03-03 11:25:56,,,
DGLIB12B,Dimitri From Paris,Le Chic Remix,Glitterbox,"5x12"", Comp, RM, 180 + Box, Ltd, Num",,2018,12862856,Uncategorized,2019-02-23 12:27:55,,,
GLITS055,Horse Meat Disco & Kathy Sledge,Jump Into The Light / Falling Deep In Love,Glitterbox,"7""",,2020,15490608,Uncategorized,2020-06-23 12:35:22,,,
GG 505,Loleatta Holloway,Love Sensation,Gold Mind Records,"12"", Single, Ind",,1980,87902,Uncategorized,2019-02-23 12:18:04,,,
GOND07003,Matthew Halsall & The Gondwana Orchestra feat. Josephine Oniyama,Badder Weather / As I Walk,Gondwana Records,"7"", Single, Ltd",,2020,15545723,Uncategorized,2020-07-04 22:07:47,,,
GONDEP055,Matthew Halsall,Changing Earth EP,Gondwana Records,"12"", EP, Ltd",,2022,25238014,Uncategorized,2023-03-16 12:40:45,,,
GONDLP062,Matthew Halsall,An Ever Changing View,Gondwana Records,"2xLP, Album",,2023,28250857,Uncategorized,2023-09-30 10:41:11,,,
GR-1295,Various,Groovin Boogie Classics,Groovin Recordings,"12""",,2022,24607346,Uncategorized,2022-10-28 06:49:02,,,
0856866,Doves,Lost Souls ,Heavenly,"2xLP, Album, RE",,2020,16279602,Uncategorized,2024-11-12 11:55:24,,,
7748263,Doves,The Last Broadcast,Heavenly,"2xLP, Album, Ltd, Num, RE, Ora",,2019,13697174,Uncategorized,2019-06-01 08:59:41,,,
HVNLP176C,The Orielles,Disco Volador,Heavenly,"LP, Album, Ltd, Tra",,2020,14851934,Uncategorized,2020-12-11 14:25:41,,,
HVNLP197,Colleen Murphy,Balearic Breakfast Vol:1,Heavenly,"2xLP, Comp",,2022,23507759,Uncategorized,2022-06-23 03:49:47,,,
HVNLP212,Colleen Murphy,Balearic Breakfast Vol:2,Heavenly,"2xLP, Comp, Ltd",,2023,27308496,Uncategorized,2023-06-09 14:01:28,,,
HVNLP224,Colleen Murphy,Balearic Breakfast Vol:3,Heavenly,"2xLP, Comp",,2024,30896865,Uncategorized,2024-06-29 14:37:09,,,
HW001,Matt Wilde (2),Find A Way,Hello World Records,"LP, Album",,2025,35401273,Uncategorized,2025-11-06 14:18:16,,,
HCL 2219,George McCrae / Betty Wright,Rock Your Baby / Where Is The Love,Hot Classics,"12""",,1990,1524586,Uncategorized,2019-02-23 12:20:16,,,
ITTY01,Comb (4),Por Amor,I Travel to You,"12"", EP",,2021,18569272,Uncategorized,2021-08-14 03:44:57,,,
ITTY03,Comb (4),I Know You Feel It,I Travel to You,"7""",,2023,28176592,Uncategorized,2023-09-27 07:04:48,,,
ITTY08,Comb (4),Stand,I Travel to You,"12"", EP",,2025,35511595,Uncategorized,2025-11-07 11:57:02,,,
IDWTLP001X,Chaos In The Cbd,A Deeper Life,In Dust We Trust,"2xLP, Album, Ltd, Gat",,2025,33967002,Uncategorized,2025-05-22 06:21:50,,,
IARC0096,Resavoir & Matt Gold,Horizon,International Anthem Recording Company,"LP, Album",,2025,34067191,Uncategorized,2025-10-17 08:51:28,,,
IARC0100,Gilles Peterson,International Anthem,International Anthem Recording Company,"2xLP, RSD, Comp, Ltd, Fro",,2025,33680523,Uncategorized,2025-04-22 04:38:17,,,
"JAG312LP-C2, JAG312",Jamila Woods,Heavn,"Jagjaguwar, Closed Sessions","LP, Album, Club, Ltd, Cle",,2017,11010042,Uncategorized,2019-02-23 12:07:35,,,
JIAOLONG023,Daphni,Sizzling EP,Jiaolong,"12"", EP",,2019,13798584,Uncategorized,2019-07-01 11:43:46,,,
NE 1420,Al Green,Hi Life - The Best Of Al Green,K-Tel,"LP, Comp",,1988,1248437,Uncategorized,2019-02-23 12:37:07,,,
KALITA LP006,Al-Dos Band,Doing Our Thing With Pride,Kalita Records,LP,,2021,19605823,Uncategorized,2021-09-04 13:55:57,,,
KD-056,"Kenny ""Dope"" Gonzalez Featuring Daniel Rojo",Que Se Sepa ,Kay-Dee Records,"7"", Single, Bla",,2025,34248283,Uncategorized,2025-10-15 05:51:10,,,
KITTO001,Andrew Ashong And Kaidi Tatham,Sankofa Season ,Kitto Records,"12""",,2020,17244949,Uncategorized,2021-05-15 03:28:45,,,
KFR2015-1,Fela Kuti & Africa 70,Expensive Shit,"Knitting Factory Records, Soundworkshop Records, Kalakuta Sunrise","LP, Album, RE",,0,12364621,Uncategorized,2020-05-12 12:05:13,,,
ALNLP28,Various,LateNightTales Presents Music For Pleasure,LateNightTales,"2xLP, Comp, Ltd, Mixed + CD, Comp, Mixed",,2012,3709322,Uncategorized,2019-02-23 12:09:14,,,
ALNLP38,Various,LateNightTales Presents Automatic Soul ,LateNightTales,"3xLP, Comp",,2014,6291680,Uncategorized,2019-02-23 12:08:54,,,
LONX 51,Sivuca,Ain't No Sunshine,London Records,"12""",,1984,616889,Uncategorized,2019-03-10 16:35:16,,,
6 80899 0097-1-3,"Floating Points, Pharoah Sanders & London Symphony Orchestra",Promises,Luaka Bop,"LP, Album, Ltd, 180",,2021,17985154,Uncategorized,2021-04-01 04:17:06,,,
LH7082,Dee Edwards,Why Can't There Be Love / I Can Deal With That,Luv N' Haight,"7"", Single, Ltd",,2019,13346613,Uncategorized,2019-03-15 20:42:58,,,
LH7090,Darondo,Listen To My Song,Luv N' Haight,"7"", RE",,2019,14259217,Uncategorized,2019-10-25 21:35:39,,,
MAR 035,Various,Disco É Cultura ,Mad About Records,"LP, Comp, Ltd, Num, RM, 180",,2020,16051697,Uncategorized,2020-12-11 14:30:27,,,
M.M-48,Andrés,Praises,Mahogani Music,"12""",,2021,19399870,Uncategorized,2022-06-23 03:50:19,,,
MK65005,Gary Bartz,Music Is My Sanctuary / Carnaval De L'Esprit,Major Keys,"12""",,2024,31944775,Uncategorized,2026-07-10 11:17:29,,,
MCA-23520,Thelma Houston,"You Used To Hold Me So Tight (12"" Version)",MCA Records,"12"", Pin",,1984,129982,Uncategorized,2019-02-23 12:19:17,,,
MCG 4007,Rufus & Chaka Khan,Masterjam,MCA Records,"LP, Album, Gat",,1979,1139582,Uncategorized,2021-10-24 07:04:27,,,
ABCL 5225,Steely Dan,Aja,"MCA Records, ABC Records","LP, Album, RE, Gat",,0,5653359,Uncategorized,2019-03-10 16:31:37,,,
"ABCL 5024, ABCX 758",Steely Dan,Can't Buy A Thrill,"MCA Records, ABC Records, ABC Records","LP, Album, RE",,0,7361475,Uncategorized,2019-02-23 12:50:26,,,
"MCF 3090, MCA 6102",Steely Dan,Gaucho,"MCA Records, MCA Records","LP, Album",,1980,9870228,Uncategorized,2019-02-23 12:51:29,,,
MCDE 1202,Motor City Drum Ensemble,Raw Cuts # 3 / Raw Cuts # 4,MCDE,"12""",,2008,1487139,Uncategorized,2019-02-23 12:13:02,,,
MELP001,Various,Melodies International Presents Ariwa Sounds,"Melodies International, Ariwa Sounds","LP, Comp",,2026,38054094,Uncategorized,2026-08-05 08:53:54,,,
"MEL002, MEL003, MEL004, MEL4XX",Aged In Harmony,You're A Melody,"Melodies International, Melodies International, Melodies International, Melodies International","3x7"", Comp, Ltd, RM",,2016,8846793,Uncategorized,2021-07-16 05:07:10,,,
MOL002,Various,Melodies Of Love 002,Melodies of Love,"12""",,2025,36055231,Uncategorized,2026-01-06 12:18:08,,,
MEX369,Sessa,Pequena Vertigem De Amor,Mexican Summer,"LP, Album",,2025,35604226,Uncategorized,2025-11-23 09:32:32,,,
MNR003,"Middle Name Dance Band, Sampology, Sam Stosuur, Megan Christensen",Middle Name Dance Tracks Vol. 2,Middle Name Records,"12"", EP",,2020,15302072,Uncategorized,2020-07-12 20:12:14,,,
MA001,Rokk,Patience / From Within,Miles Away (2),"7""",,2019,13115049,Uncategorized,2020-05-15 13:06:39,,,
MDDLTD-1204 ,Million Dollar Disco Machine,The Loneliest One,Million Dollar Disco,"12"", S/Sided",,2021,18481093,Uncategorized,2021-05-15 13:11:26,,,
MJC129007LP,Various,The Congregation - Jazz Alliance International,Mono Jazz,"2xLP, Dlx, Gat",,2024,29883784,Uncategorized,2024-09-10 15:25:46,,,
MG103DP,The Universal Robot Band,Barely Breaking Even,Moonglow (4),"12"", RSD, RE",,2026,37126482,Uncategorized,2026-05-31 01:40:55,,,
MT-19008 ,Los Hermanos,Another Day,Mother Tongue Records (2),"12"", EP",,2020,16432593,Uncategorized,2023-08-17 01:59:33,,,
MOT-2852,Eddie Kendricks / Diana Ross,Date With The Rain / The Boss,Motown,"12""",,1988,1877994,Uncategorized,2019-02-23 12:19:47,,,
"M-804LP3, M 804LP3",Stevie Wonder,Looking Back,"Motown, Motown","3xLP, Comp, Ltd",,1977,556049,Uncategorized,2019-02-23 12:33:36,,,
"TMSP 6002, 0C 158-98 261-3",Stevie Wonder,Songs In The Key Of Life ,"Motown, Motown","2xLP, Gat + 7"", P/Mixed + Album",,1976,5415885,Uncategorized,2019-02-23 12:31:52,,,
00602557018066,Erykah Badu,Baduizm,"Motown, Universal Music Group International","2xLP, Album, RE, Gat",,2016,9401499,Uncategorized,2026-02-11 12:37:55,,,
MVMTT04LPC,Emma-Jean Thackray,Yellow,Movementt,"2xLP, Album, Ltd, Cle",,2021,19420858,Uncategorized,2021-08-14 03:42:14,,,
BRZ45.013,Joyce / Rosinha de Valença,Aldeia De Ogum / Summertime,Mr Bongo,"7"", Single",,2014,6096233,Uncategorized,2019-12-11 11:28:17,,,
BRZ45.021,Azymuth / Osmar Milito E Quarteto Forma,Manhã / America Latina,Mr Bongo,"7""",,2015,6545342,Uncategorized,2020-06-24 11:26:42,,,
BRZ45.030,Marcos Valle / Lincoln Olivetti & Robson Jorge,Estrelar / Aleluia,Mr Bongo,"7""",,2015,7314498,Uncategorized,2019-12-04 10:55:21,,,
BRZ45.043,Evinha,Esperar Pra Ver  ,Mr Bongo,"7"", Single",,2016,8348348,Uncategorized,2020-04-11 13:32:15,,,
BRZ45.056,Banda Black Rio,Maria Fumaça  ,Mr Bongo,"7"", Single",,2016,9150734,Uncategorized,2024-02-28 13:23:33,,,
BRZ45.076,Neno Exporta Som / Agnaldo Rayol,Deixa A Tristeza / Sumaúma,Mr Bongo,"7"", Single",,2019,12354229,Uncategorized,2020-03-09 11:36:17,,,
BRZ45.077,Marcia Maria / Simone (3),Amigo Branco / Tudo Que Você Podia Ser,Mr Bongo,"7"", Single",,2019,14765223,Uncategorized,2020-03-10 21:06:09,,,
MRB 7222,Bill Withers And Studio Rio,Lovely Day,Mr Bongo,"7"", Single",,2024,30509629,Uncategorized,2024-05-11 05:23:46,,,
MRB12061,Luke Una,Mr Bongo Edits Volume 2,Mr Bongo,"12""",,2024,30172760,Uncategorized,2024-04-05 07:38:11,,,
MRB7157,Jungle Brown (2),Keep It Movin’ / We On,Mr Bongo,"7"", Single, Ltd, Promo, W/Lbl",,2019,14000489,Uncategorized,2019-08-22 12:10:01,,,
MRB7161,Gang Starr,Jazz Thing,Mr Bongo,"7"", RE",,2020,14992332,Uncategorized,2020-04-11 13:30:54,,,
MRB7206,"Kenny ""Dope"" Gonzalez",Brazil45: Mr Bongo x Kenny Dope,Mr Bongo,"5x7"" + Box, RSD, Comp, Ltd",,2022,22977998,Uncategorized,2022-04-23 04:33:11,,,
MRB7211,Don Blackman,Say You'll Be Mine,Mr Bongo,"7""",,2023,27530352,Uncategorized,2023-07-29 11:53:37,,,
MRB7219,DJ Koco A.K.A. Shimokita,Brazil45: Mr Bongo x DJ Koco,Mr Bongo,"5x7"" + Box, RSD, Comp, Ltd",,2024,30430802,Uncategorized,2024-04-24 10:12:02,,,
MRB7226,BadBadNotGood,Brazil45: Mr Bongo x BadBadNotGood,Mr Bongo,"5x7"", RSD, Comp, Ltd, Box",,2025,33584004,Uncategorized,2025-04-12 06:42:17,,,
MRB7235,DJ Koco A.K.A. Shimokita,Cuban Boxset: Mr Bongo x DJ Koco,Mr Bongo,"5x7"" + Box, RSD, Comp, Ltd",,2026,37068723,Uncategorized,2026-04-27 10:18:20,,,
MRBLP022,Seu Jorge,Carolina,Mr Bongo,"2xLP, Album",,2002,848317,Uncategorized,2019-12-11 11:27:56,,,
MRBLP046,Various,Brazilian Beats Brooklyn,Mr Bongo,"2xLP, Comp, RP",,2022,23815751,Uncategorized,2022-10-28 06:49:29,,,
MRBLP108,Ebo Taylor,Ebo Taylor,Mr Bongo,"LP, Album, RE",,2022,25043104,Uncategorized,2024-02-28 13:23:04,,,
MRBLP133PN,Arthur Verocai,Arthur Verocai,Mr Bongo,"LP, Album, RE, RM, Gat",,2024,31306260,Uncategorized,2025-10-15 05:50:48,,,
MRBLP141,Various,Mr Bongo Record Club Volume One,Mr Bongo,"2xLP, Comp",,2016,9282972,Uncategorized,2023-07-29 11:55:24,,,
MRBLP165,Various,Mr Bongo Record Club Volume Three,Mr Bongo,"2xLP, Comp",,2019,13474217,Uncategorized,2019-08-07 12:14:45,,,
MRBLP230,Sandra De Sá,Vale Tudo,Mr Bongo,"LP, Album, RE",,2021,18584734,Uncategorized,2021-11-27 08:44:15,,,
MRBLP237,Various,Mr Bongo Record Club Volume Five,Mr Bongo,"2xLP, Comp",,2022,22507847,Uncategorized,2023-09-27 07:01:26,,,
MRBLP244,Luke Una,É Soul Cultura,Mr Bongo,"2xLP, Comp",,2022,22967606,Uncategorized,2022-05-09 11:49:07,,,
MRBLP260,Miche (8),With Love Volume 1,Mr Bongo,"2xLP, Comp, Ltd, Yel",,2022,24627710,Uncategorized,2023-07-29 11:54:08,,,
MRBLP262,СОЮЗ (2),Force Of The Wind,Mr Bongo,"LP, Album",,2022,24951277,Uncategorized,2023-06-26 06:08:00,,,
MRBLP265,Various,Tudo Ben (Jorge Ben Covered),Mr Bongo,"2xLP, Comp, RE",,2023,26278544,Uncategorized,2023-07-29 11:54:32,,,
MRBLP268,Luke Una,É Soul Cultura Volume 2,Mr Bongo,"2xLP, Comp",,2023,27359775,Uncategorized,2023-06-12 05:46:38,,,
MRBLP270,Various,Mr Bongo Record Club 6,Mr Bongo,"2xLP, Comp",,2023,27506742,Uncategorized,2023-09-30 11:03:56,,,
MRBLP302,Horse Meat Disco,Disco & Boogie From Brazil Vol.1,Mr Bongo,"2xLP, Comp, Gre",,2025,33481571,Uncategorized,2025-04-20 02:46:16,,,
MRBLP305,Finn Rees,Dawn Is A Melody,Mr Bongo,"2x12"", Album",,2024,31122719,Uncategorized,2024-07-03 05:17:44,,,
MRBLP318,СОЮЗ (2),Крок = Krok,Mr Bongo,"LP, Album",,2025,35471257,Uncategorized,2025-11-07 11:55:14,,,
MRBLP328,Luke Una,É Soul Cultura Volume 3,Mr Bongo,"2xLP, Comp",,2026,36719113,Uncategorized,2026-03-22 06:05:54,,,
"MRBLP189 , ARLP-4005",Trio Mocotó,Trio Mocotó,"Mr Bongo, Arlequim","LP, Album, RE, RM",,2019,13207696,Uncategorized,2019-12-04 19:43:00,,,
"MRBLP156, BR 30.068",Tim Maia,Disco Club,"Mr Bongo, Atlantic","LP, Album, RE",,2018,11708752,Uncategorized,2019-08-07 12:13:28,,,
BRZ45060,Quinteto Ternura / Trio Ternura,Baby / Filhos De Zambi ,"Mr Bongo, Brazil45","7"", Single, RE",,2019,14681173,Uncategorized,2023-02-24 04:50:09,,,
MRBLP269R,Bala Desejo,Sim Sim Sim,"Mr Bongo, Coala Records","LP, Album, Ltd, Red",,2023,27364287,Uncategorized,2023-08-02 03:14:19,,,
"MRB7174, none",Souls Of Mischief,93 'Til Infinity,"Mr Bongo, Jive","7"", Ltd",,2020,15862351,Uncategorized,2020-11-03 13:05:12,,,
"MRB 7159, MRB7159, S - 646, S 646",Solat,"Change The World / Try, Try","Mr Bongo, Mr Bongo, Poker (2), Poker (2)","7"", Single, RE",,2020,14888945,Uncategorized,2020-03-09 11:34:37,,,
"MRB7156, 101.0195",Zé Roberto,Lotus 72 D,"Mr Bongo, RCA Victor, RCA","7"", Single, RE",,2019,13783116,Uncategorized,2019-08-07 12:12:50,,,
MRBLP271,Various,Hidden Waters: Strange And Sublime Sounds Of Rio De Janeiro,"Mr Bongo, Sounds And Colours","2xLP, Comp",,2023,27089109,Uncategorized,2023-07-29 11:55:10,,,
"MRBLP161, TL 14061",Jackson Sisters,Jackson Sisters,"Mr Bongo, Tiger Lily Records","LP, Album, RE",,2018,12191547,Uncategorized,2019-02-23 12:29:12,,,
MUKAT 061,Eko Roosevelt Louis / Georges Ouedraogo,Afro Funk & Disco Gems (Volume Nine),Mukatsuku Records,"7"", Ltd",,2019,13301732,Uncategorized,2019-05-20 13:08:58,,,
Mukat 070,Pat Thomas (3) & Marijata,Original Ghanaian Highlife & Afrobeat Classics,Mukatsuku Records,"7"", Ltd, Num",,2020,15246064,Uncategorized,2020-06-03 10:26:53,,,
MUKAT 071,Devon Russell,Reggae Soul Tribute To Curtis Mayfield,Mukatsuku Records,"7"", Single, Ltd",,2020,15291486,Uncategorized,2020-06-03 10:25:27,,,
MUKAT 090,C.R.A.C.,You're Everything To Me,Mukatsuku Records,"7""",,2023,28767517,Uncategorized,2024-05-11 05:25:51,,,
MUKAT 091,Echoes Of A New Dawn Orchestra,Substream,Mukatsuku Records,"12"", Ltd, Num, 180",,2024,29512423,Uncategorized,2024-02-05 03:12:46,,,
MUKAT 092,Espen Horne,Bakeren,Mukatsuku Records,"7"", Ltd, Num",,2024,29968423,Uncategorized,2024-05-11 05:26:16,,,
MOVLP3883,Gilles Peterson,Timeless Jazz Classics Volume 2,Music On Vinyl,"2xLP, RSD, Comp, Ltd, Num, Blu",,2025,33650484,Uncategorized,2025-04-29 13:41:42,,,
MOVLP3674,Gilles Peterson,Timeless Jazz Classics Volume 1,"Music On Vinyl, Timeless Records (3)","2xLP, RSD, Comp, Ltd, Num, RE, Sil",,2024,30427715,Uncategorized,2024-04-28 04:44:35,,,
MCRC-001,Island Times Deejay,Mystical Circles 01,Mystical Circles,"12"", Ltd, Promo, 180",,2021,17239606,Uncategorized,2021-08-14 03:45:48,,,
"NAYA-004, NAYA-004LP",Asha Puthli,Space Talk (With Remixes By Dimitri From Paris),"Naya Beat Records, Naya Beat Records","12""",,2023,26920379,Uncategorized,2026-01-24 04:47:12,,,
NEED001,Rare Pleasure /  The Fatback Band,Let Me Down Easy / Spanish Hustle,Need Records (2),"12""",,2019,13648709,Uncategorized,2019-06-26 12:55:44,,,
ND 012,Miles Spilsbury,Light Manoeuvres,New Dawn (6),"LP, Album, W/Lbl",,2023,26829836,Uncategorized,2023-05-12 11:09:59,,,
NEW9253LP,Zero 7,Simple Things,New State Music,"2xLP, Album, RE, RM, 180",,2018,12388769,Uncategorized,2019-02-23 12:05:49,,,
NEW9271LP ,Zero 7,When It Falls,"New State Music, Seven (8)","2xLP, Album, RE, RM, 180",,2019,13965784,Uncategorized,2020-06-03 10:12:05,,,
"NG 05, NG05",Nu Genea,Bar Mediterraneo,"NG Records (5), NG Records (5)","LP, Album",,2022,23192537,Uncategorized,2022-07-27 03:07:26,,,
"NG01, NG 01",Nu Guinea,Nuova Napoli,"NG Records (5), NG Records (5)","LP, Album, RP, Nu ",,2018,12097296,Uncategorized,2019-05-21 19:33:06,,,
ND024,Stargazers (3),Stargazers,Night Dreamer,"LP, Album, Num, Rec",,2025,35785837,Uncategorized,2026-02-25 04:59:37,,,
ZEN 42,Mr. Scruff,Keep It Unreal (20th Anniversary Edition),Ninja Tune,"2x12"", Album, Ltd, RE, Gre",,2019,14242659,Uncategorized,2019-10-10 22:12:39,,,
ZEN 59XX,The Cinematic Orchestra,Every Day,Ninja Tune,"3xLP, Album, Dlx, Ltd, RE, Red",,2023,26745971,Uncategorized,2023-04-14 03:54:09,,,
ZEN140X,Bonobo,Black Sands,Ninja Tune,"2xLP, Album, Ltd, Red",,2020,16286279,Uncategorized,2020-12-11 14:32:41,,,
ZEN290,Róisín Murphy,Hit Parade,Ninja Tune,"2xLP, Album",,2023,28154968,Uncategorized,2024-04-24 10:19:26,,,
none,Madison McFerrin,You + I,Not On Label,"12"", EP, Ltd, Num, Cle",,2019,14660470,Uncategorized,2020-05-15 13:07:00,,,
ADMIN 002,Admin,Halo / Rivers,Not On Label (Admin Self-released),"7"", Ltd, W/Lbl",,2022,23803919,Uncategorized,2022-07-27 03:06:30,,,
SW234223,Anderson .Paak,Malibu,"OBE, Steel Wool Records, Membran","2xLP, Album, 180",,2016,8827787,Uncategorized,2020-09-01 15:25:00,,,
OOT005,Kansas City Express,This Is The Place,Ocean Of Tears,"7"", RE",,2019,14190889,Uncategorized,2020-06-05 14:28:51,,,
OOT007,Gold (16),You Are So Wonderful / Without You,Ocean Of Tears,"7""",,2020,15489714,Uncategorized,2020-06-22 11:01:57,,,
OMLP001,HNNY,Sunday,Omena,"LP, Dlx, 180",,2015,7341336,Uncategorized,2020-03-25 15:07:58,,,
OYO002LP,Yazmin Lacey,Voice Notes,Own Your Own Records,"2xLP, Album",,2023,27083859,Uncategorized,2024-02-05 03:11:38,,,
DEMREC508,Various,P&P Disco,"P&P Records, Demon Records","2xLP, Comp, 180",,2019,14343535,Uncategorized,2023-03-16 13:36:03,,,
PAN011,Fruko Y Sus Tesos / The Latin Brothers,A La Memoria Del Muerto / Buscándote,Panorama (38),"7""",,2026,37061484,Uncategorized,2026-07-10 11:19:04,,,
106025XB,Sundown (8),Spaced Outta Place,"Parkside Records, Sound Signature","7"", RE",,2022,22529090,Uncategorized,2023-02-27 09:31:58,,,
PCS 3058,The Beatles,A Hard Day's Night,Parlophone,"LP, Album, Nar",,1964,4791171,Uncategorized,2019-02-23 12:45:36,,,
KZ 32408,The O'Jays,Ship Ahoy,Philadelphia International Records,"LP, Album, RE, Gat",,0,8565519,Uncategorized,2019-02-23 12:31:25,,,
PIR 13 A2031 AB,The Jones Girls,Nights Over Egypt,Philadelphia International Records,"12"", RE, RM",,2018,11542470,Uncategorized,2019-04-09 15:27:04,,,
"PZ 34389, 34389",Billy Paul,Let 'Em In,"Philadelphia International Records, Philadelphia International Records","LP, Album, San",,1976,1709773,Uncategorized,2019-02-23 12:38:10,,,
PP1004,Sven Wunder,Late Again,Piano Piano,"LP, Album",,2023,27736119,Uncategorized,2023-09-30 11:03:29,,,
PP1005SRD2,Sven Wunder,Daybreak,Piano Piano,"LP, Album, Ltd, Blu",,2025,35204989,Uncategorized,2025-10-06 06:31:43,,,
PF 005,Alex Kassian,Leave Your Life,Pinchy & Friends,"12"", EP",,2021,18308632,Uncategorized,2022-02-22 10:43:07,,,
Pf006,Alex Kassian,Strings Of Eden ,Pinchy & Friends,"12""",,2022,23222693,Uncategorized,2022-10-28 06:45:19,,,
FAKE122,Fire Island Ft.  Loleatta Holloway,Shout To The Top (Hifi Sean Mixes),Plastique Recordings,"12""",,2021,18209002,Uncategorized,2021-05-15 03:26:35,,,
"PMD01, none",Azwon,Paradise Island,"Pressure Makes Diamonds, JBF Records (3)","12""",,2019,13865109,Uncategorized,2020-05-12 12:02:41,,,
"SPBA 6282, 0C 064 ◦ 95272",Steely Dan,Pretzel Logic,"Probe, Probe","LP, Album, Bei",,1974,1445355,Uncategorized,2019-03-10 16:32:41,,,
RSRLTD001,Skye (7),Ain’t No Need / Ain’t No Need (Dance),Rain&Shine,"7"", Ltd, Num, RE",,2018,12877101,Uncategorized,2020-05-13 14:00:32,,,
RNT038,Mr. K,Mr. K Edits,Razor-N-Tape,"12""",,2019,13504530,Uncategorized,2019-10-25 21:36:03,,,
RNT047,COEO,COEO Edits,Razor-N-Tape,"12""",,2019,13568476,Uncategorized,2019-05-12 08:25:40,,,
RNTR073,Tom Noble (3) Presents House Of Spirits (2),House Of Spirits,"Razor-N-Tape Reserve, Superior Elevation Records","2x12"", Album",,2024,32419512,Uncategorized,2024-11-30 06:49:05,,,
"LSP 4702, 26.21089",David Bowie,The Rise And Fall Of Ziggy Stardust And The Spiders From Mars,"RCA Victor (2), RCA Victor (2)","LP, Album, Unofficial, Pin",,0,5657211,Uncategorized,2019-02-23 12:48:52,,,
REWARM020LP,Luke Una,Everything Above The Sky ,RE:WARM,"2xLP, Comp",,2024,31952045,Uncategorized,2024-10-19 10:10:15,,,
RFC 3438,Change,The Glow Of Love,"RFC Records, Warner Bros. Records","LP, Album, Los",,1980,94532,Uncategorized,2019-02-23 12:24:09,,,
Roulé 305,Stardust,Music Sounds Better With You,Roulé,"12"", S/Sided, Etch, RE, MPO",,2013,5167490,Uncategorized,2019-05-21 19:30:12,,,
"RH-RSS 3, RH RSS 3",James Mason,I Want Your Love,"Rush Hour (4), Rush Hour (4)","12"", RE",,2012,3366766,Uncategorized,2026-06-28 11:13:46,,,
SACREDMEDICINE 05,Ron Trent Ft. Angel Luis Figueroa And Pablo Color,Electric Jungle,Sacred Medicine,"12"", Ltd, Flu",,2026,37291038,Uncategorized,2026-08-05 08:59:56,,,
SALSBMG14,Late Nite Tuff Guy,Late Nite Tuff Guy Reworks,Salsoul Records,"12""",,2018,11894956,Uncategorized,2019-02-23 12:15:36,,,
NER 25124,Rhyze / John Davis & The Monster Orchestra,Free / Love Magic,Sam Records,"7""",,2020,16278978,Uncategorized,2021-02-13 01:21:51,,,
SC721 ,Mario Biondi,This Is What You Are,Schema,"7"", Single",,2019,13671044,Uncategorized,2019-12-06 22:55:32,,,
SC725,Nicola Conte / Gianluca Petrella,People Need People / The Higher Love,Schema,"7"", Single",,2021,20232391,Uncategorized,2021-10-05 13:16:47,,,
SEKITO007,Alfa Mist,On My Ones,Sekito,"10"", EP, Ltd",,2020,14857305,Uncategorized,2020-03-28 10:50:10,,,
SS7001P,Minnie Riperton,Les Fleur / Oh! By The Way,Selector Series (2),"7"", RSD, Single, RE",,2020,15800501,Uncategorized,2020-08-29 10:29:16,,,
19075891581,Ashley Henry,Beautiful Vinyl Hunter,Sony Music,"2xLP, Album",,2019,14100359,Uncategorized,2020-05-15 13:07:26,,,
SB7043,Tania Maria,Come With Me,Soul Brother Records (3),"7"", RE",,2022,24013148,Uncategorized,2022-10-28 06:50:25,,,
SJR 337C-7,Marcia Griffiths / Brentford Disco Set,Feel Like Jumping / Feel Like Jumping Pt.2,Soul Jazz Records,"7"", Single, Ltd, Pin",,2026,37658283,Uncategorized,2026-06-28 11:18:32,,,
SJR 339C-7,Dawn Penn / Jackie Mittoo,No No No / Ghetto Organ,Soul Jazz Records,"7"", Single, Ltd, Ora",,2026,37608078,Uncategorized,2026-06-28 11:17:13,,,
SJR 454 BOX,Various,Brazil Funk Power,Soul Jazz Records,"5x7"", RM + Box, RSD, Comp, Ltd",,2020,15526429,Uncategorized,2020-08-29 10:29:54,,,
SJR LP461,Various,Cuba: Music And Revolution (Culture Clash In Havana Cuba: Experiments In Latin Music 1975-85 Vol. 1),Soul Jazz Records,"3xLP, Comp",,2021,16792446,Uncategorized,2021-02-25 02:44:52,,,
SSR45005,Soul Supreme (4),Award Tour (We Gettin' Down) / Bonita Applebum (Daylight),Soul Supreme Records,"7""",,2022,22738766,Uncategorized,2022-04-25 03:19:16,,,
SS077,"Theo Parrish, Lori (32), Silentjay, Perrin Moss, Simon Mavin, Paul Bender (2)",What You Gonna Ask For,Sound Signature,"12""",,2019,14015179,Uncategorized,2019-08-27 11:22:06,,,
SF01,Kaidi Tatham,Feeling Happy / Sooner Or Later,Sounds Familiar (3),"7""",,2021,18809407,Uncategorized,2021-12-08 05:33:18,,,
SNDW12025,Steve Monite / Tabu Ley Rochereau,Only You / Hafi Deo,Soundway,"12""",,2017,10710133,Uncategorized,2019-06-05 21:27:41,,,
SNDWLP047,Kiki Gyan,24 Hours In A Disco 1978-82,Soundway,"2xLP, Comp",,2012,4080563,Uncategorized,2019-02-23 12:00:48,,,
SNDWLP087,Various,"Doing It In Lagos (Boogie, Pop & Disco In 1980s Nigeria)",Soundway,"3xLP, Comp + 7""",,2016,9425519,Uncategorized,2025-08-06 03:16:22,,,
SNDWLP137,Various,"Ritmo Fantasía: Balearic Spanish Synth​-​Pop, Boogie & House (1982​-​1992)",Soundway,"3xLP, Comp",,2021,21308809,Uncategorized,2025-08-06 03:17:56,,,
SNDWLP169,The Circling Sun,Spirits,Soundway,"LP, Album, RP",,2023,28262656,Uncategorized,2024-02-05 03:11:10,,,
SNDWLP199,The Circling Sun,Orbits,Soundway,"LP, Album, Fli",,2025,34495186,Uncategorized,2025-07-22 06:53:56,,,
SNDWLP090X,Lord Echo,Harmonies,"Soundway, World Of Sound (4)","2x12"", Album",,2017,10504693,Uncategorized,2019-02-23 12:06:43,,,
SOUTH010,Marvin Gaye,I Wanna Be Where You Are / I Want You,South Street,"12"", Ltd",,2023,27166710,Uncategorized,2023-06-09 13:59:19,,,
SSD65003P,Goody Goody,It Looks Like Love,South Street Disco,"12"", RE, RM",,2019,13632972,Uncategorized,2020-06-03 10:29:24,,,
SSD65005P,Roy Ayers Ubiquity,Running Away / Love Will Bring Us Back Together,South Street Disco,"12"", RE",,2021,17441113,Uncategorized,2021-03-27 01:48:53,,,
SSD7001P,Rare Pleasure,Let Me Down Easy,South Street Disco,"7"", RSD, RE",,2020,16068257,Uncategorized,2020-11-05 12:41:04,,,
SSINT003,Letta Mbulu,Nomalizo / Kilimanjaro Take Us Higher,South Street International,"12""",,2025,33905673,Uncategorized,2025-07-22 06:54:38,,,
SSS703,Alicia Myers,I Want To Thank You / Don't Stop What You're Doin,South Street Soul,"7""",,2024,31997975,Uncategorized,2025-02-08 05:03:57,,,
SGP001,Mad Honey,Upward Bound,Space Grapes,"12""",,2020,16208682,Uncategorized,2021-02-12 04:48:32,,,
SGP002,GALXTC,Life Is A Mirror,Space Grapes,"12""",,2021,18154621,Uncategorized,2021-05-15 03:25:53,,,
SGP003,Jambonne,Carpet Ride,Space Grapes,"7""",,2021,20299102,Uncategorized,2021-10-05 13:15:37,,,
SGP004,Mad Honey,Setback,Space Grapes,"12""",,2022,24480020,Uncategorized,2022-10-28 06:46:50,,,
SGP005,Jéroboam,Freakshow,Space Grapes,"12""",,2022,25331518,Uncategorized,2023-01-18 04:24:58,,,
SGP006,Jerry & The Melange / Bob & The Rustlers,New Room / Rustle Bob's Creek,Space Grapes,"12"", Ltd",,2023,26422682,Uncategorized,2023-03-24 08:46:15,,,
SGP007,Jéroboam,Turn Down The Lights ,Space Grapes,"12""",,2023,28108237,Uncategorized,2023-09-27 07:00:24,,,
SGP008,Another Taste,Another Taste,Space Grapes,"LP, Album, Tip",,2024,30169289,Uncategorized,2024-04-05 07:37:54,,,
SGP009,Collettivo Immaginario,Luce,Space Grapes,"12""",,2024,31942585,Uncategorized,2024-11-12 11:56:37,,,
SGP010,Arp Frique & The Perpetual Singers,The Another Taste Reworks,Space Grapes,"12""",,2025,32971350,Uncategorized,2025-02-08 05:04:16,,,
SGP011,Jambonne,"Jambonne, Jam On",Space Grapes,"7""",,2025,33832128,Uncategorized,2026-02-14 09:38:00,,,
SGP016,Another Taste,Another Taste II,Space Grapes,"LP, Album",,2026,37142373,Uncategorized,2026-04-27 10:20:01,,,
STARSON001,Common Saints (2),Idol Eyes,Starsonics,"12"", EP, Ltd, RP, Whi",,2021,18423841,Uncategorized,2021-06-10 03:16:26,,,
STH2478,Eddie Chacon,Sundown,Stones Throw Records,"LP, Album",,2023,26158601,Uncategorized,2023-04-28 07:29:56,,,
STRUT205LP,Patrice Rushen,Remind Me (The Classic Elektra Recordings 1978-1984),Strut,"3xLP, Comp, RM",,2019,13895640,Uncategorized,2019-07-20 15:48:57,,,
STRUT212LP,Greg Foat,Symphonie Pacifique,Strut,"2xLP, Album",,2020,15564568,Uncategorized,2020-07-12 20:11:50,,,
STRUT343LP,Greg Foat & Gigi Masin,The Fish Factory Sessions,Strut,"LP, Album, RSD, Ltd, Tra",,2024,30421574,Uncategorized,2024-04-20 13:05:37,,,
BK 043,Oneness (6),Watching You,Sugar's International,"12"", RE",,2021,20519623,Uncategorized,2022-05-09 11:51:07,,,
SUN7001,Sunlightsquare,I Believe In Miracles,Sunlightsquare Records,"7"", Single, Red",,2020,15042510,Uncategorized,2020-05-05 13:09:42,,,
 SJAM12001,The CJP Band Ft Nolo (10),You And Me And The Music ,Supa Jams,"12"", Single",,2025,34808264,Uncategorized,2025-11-07 11:56:37,,,
MLP 15.906,Bill Withers,+'Justments,Sussex,"LP, Album, RE",,1975,1874974,Uncategorized,2019-02-23 12:36:04,,,
SFA002,Vincent Arthur & Dagomba,Travel With The Music,Sweet Free Association,"12""",,2024,32535108,Uncategorized,2026-02-14 09:00:41,,,
"TK-603, T.K.-603",KC & The Sunshine Band,KC And The Sunshine Band,"T.K. Records, T.K. Records","LP, Album, Mon",,1975,2930315,Uncategorized,2019-02-23 12:30:04,,,
"T316L, 00602577163395",Marvin Gaye,You're The Man,"Tamla, Motown, Universal Music Group","2xLP, Album, Comp",,2019,13412384,Uncategorized,2019-04-04 18:22:06,,,
T 326L,Stevie Wonder,Innervisions,"Tamla, Tamla Motown","LP, Album, Gat",,1973,1725651,Uncategorized,2019-02-23 12:32:45,,,
DRP007,Fat Freddy's Drop,Based On A True Story,The Drop,"2xLP, Album, RE",,2009,6247384,Uncategorized,2019-04-26 13:53:14,,,
0602547311009,Kendrick Lamar,To Pimp A Butterfly,"Top Dawg Entertainment, Aftermath Entertainment, Interscope Records","2xLP, Album, Gat",,2015,7568442,Uncategorized,2020-06-03 10:11:37,,,
TB 20,Shy One (3),Mali,Touching Bass,LP,,2026,36802948,Uncategorized,2026-06-28 11:14:33,,,
TOYT 081,The Phenomenal Handclap Band,Judge Not (Ray Mang Mixes),Toy Tonics,"12""",,2018,12638505,Uncategorized,2019-04-09 15:26:39,,,
TRU LP 007,Bonobo,Animal Magic,Tru Thoughts,"2xLP, Ltd, RE, Yel",,2019,13973334,Uncategorized,2020-03-13 20:27:27,,,
12RSDUNO1,Bobbi Humphrey,Baby Don't You Know,Uno Melodic Records,"12"", RSD, Single, Ltd, Num, RE",,2022,22984388,Uncategorized,2022-04-25 03:18:20,,,
VAMPI343,Jorge Ben,Jorge Ben,Vampi Soul,"LP, Album, RE",,2026,36588826,Uncategorized,2026-05-31 01:41:44,,,
VR204,Incognito,Wake Me (Louie Vega & Joe Claussell Remix),Vega Records,"12""",,2020,16193479,Uncategorized,2021-02-13 01:20:16,,,
VRADE20-7,Elements Of Life (3),Maria Fumaca / Giant Steps (Tito Puente Tribute),Vega Records,"7""",,2025,35486398,Uncategorized,2025-11-23 09:33:48,,,
CHARM1LP,Jim,Love Makes Magic,Vicious Charm Recordings,"LP, Album",,2023,27505026,Uncategorized,2023-06-28 14:51:44,,,
VC 007,Jim,Phoenix,Vicious Charm Recordings,"12""",,2023,28497052,Uncategorized,2023-10-20 13:46:22,,,
MR-SSS 546 ,Marcos Valle,Vontade De Rever Você,ViNiLiSSSiMO,"LP, Album, RSD, RE",,2017,10153482,Uncategorized,2019-06-09 17:18:50,,,
00602547240842,D'Angelo,Voodoo,"Virgin, Universal Music Group International","2xLP, Album, RE, 180",,2015,7427994,Uncategorized,2025-10-18 08:31:02,,,
Wack 18,Smoove,A Quest Called Tribe,Wack Records,"7"", Single, Promo, Unofficial",,2020,15035253,Uncategorized,2020-04-11 13:31:29,,,
WAHLP032,Lawne,Attic,Wah Wah 45s,"LP, Album",,2024,32212869,Uncategorized,2024-12-31 03:50:13,,,
925 162-1,Chaka Khan,I Feel For You,Warner Bros. Records,"LP, Album",,1984,700471,Uncategorized,2019-02-23 12:23:30,,,
"K56344, K 56344",Fleetwood Mac,Rumours,"Warner Bros. Records, Warner Bros. Records","LP, Album",,1977,503889,Uncategorized,2019-02-23 12:47:51,,,
"K 56823, K56823",George Benson,Give Me The Night,"Warner Bros. Records, Warner Bros. Records, Qwest Records, Qwest Records","LP, Album",,1980,4954046,Uncategorized,2019-02-23 12:36:51,,,
WARPLP324,Nala Sinephro,Space 1.8,Warp Records,"LP, Album",,2021,20067715,Uncategorized,2022-02-22 10:42:29,,,
WMR-016,Teymori,Teymori,Wax Museum Records,"12"", EP",,2019,13147887,Uncategorized,2019-03-15 20:42:25,,,
ROAD027,Lovebirds Feat. Stee Downes,Want You In My Soul,Winding Road Records,"12""",,2011,2915410,Uncategorized,2025-10-15 05:55:40,,,
WOLFW001 ,Red Rack'Em,In Love Again ,Wolf Music Recordings,"12"", RP",,2020,16498887,Uncategorized,2021-05-05 06:27:50,,,
WOE027,Tara Clerkin Trio,Somewhere Good,World Of Echo (2),"LP, Album",,2026,37525128,Uncategorized,2026-06-28 11:16:11,,,
"ORL 6022, MRBLP220SP",Mankunku Quartet,Yakhal' Inkomo,"World Record Co., Mr Bongo","LP, Album, RE, S/Edition",,2022,23481923,Uncategorized,2024-02-28 13:22:36,,,
XLLP 324,Radiohead,In Rainbows,XL Recordings,"LP, Album, RE, RP",,2022,22587962,Uncategorized,2025-02-09 03:51:16,,,
XLLP790X,Radiohead,A Moon Shaped Pool,XL Recordings,"2xLP, Album, Ltd, Whi",,2016,8666501,Uncategorized,2020-06-24 11:24:20,,,
ZEDD12304,Leroy Burgess,One Plus One,Z Records,"12""",,2020,16298872,Uncategorized,2020-12-11 14:33:07,,,
ZEDDLP038X,Joey Negro,Remixed With Love By Joey Negro (Vol. Two) (Part B),Z Records,"2x12"", Comp, Gat",,2016,8117597,Uncategorized,2019-07-01 11:44:25,,,
ZEDDLP045,Joey Negro,Remixed With Love By Joey Negro (Vol. Three) (Part One),Z Records,"2x12"", Comp",,2018,12687173,Uncategorized,2019-02-23 12:08:02,,,
ZEDDLP063,Dave Lee,Remixed With Love By Dave Lee (Selected Works) ,Z Records,"2x12"", Comp, Ltd, RE, Gat",,2026,37016478,Uncategorized,2026-04-11 07:19:54,,,
